Workbook

Sheet Lot_Gates
A1: The QS-9 gates in order, one lot per row
A3: Lot | B3: Supplier | C3: Receipt date (report) | D3: Days to disposition | E3: Claim window (days, terms) | F3: Window closes | G3: Inside the window? | H3: Attributed to (report) | I3: Inside the general tolerance? (measurements) | J3: Specific note bars use as is? | K3: Use as is available? | L3: Return to vendor available? | M3: Basis
A4: L-2201 | B4: Kelbourne Castings | C4: 2026-08-02 | D4: =DATEVALUE("2026-08-14")-DATEVALUE(C4) -> 12 | E4: 30 | F4: =TEXT(DATEVALUE(C4)+E4,"YYYY-MM-DD") -> 2026-09-01 | G4: =IF(D4<=E4,"yes","no") -> yes | H4: supplier | I4: no | J4: no | K4: =IF(AND(I4="yes",J4="no"),"yes","no") -> no | L4: =IF(K4="yes","not reached",IF(AND(H4="supplier",G4="yes"),"yes","no")) -> yes | M4: supplier-caused and inside the window, so the lot goes back (QS-9 4); 26 conforming pieces release to the build under 7a, 14 go back
A5: L-2204 | B5: Kelbourne Castings | C5: 2026-06-30 | D5: =DATEVALUE("2026-08-14")-DATEVALUE(C5) -> 45 | E5: 30 | F5: =TEXT(DATEVALUE(C5)+E5,"YYYY-MM-DD") -> 2026-07-30 | G5: =IF(D5<=E5,"yes","no") -> no | H5: supplier | I5: no | J5: no | K5: =IF(AND(I5="yes",J5="no"),"yes","no") -> no | L5: =IF(K5="yes","not reached",IF(AND(H5="supplier",G5="yes"),"yes","no")) -> no | M5: supplier-caused but 45 days from receipt against a 30-day window, so the return route is closed and the cost is ours (QS-9 4); 16 conforming pieces release under 7a while the 9 rework
A6: L-2207 | B6: Ashgrove Precision | C6: 2026-08-05 | D6: =DATEVALUE("2026-08-14")-DATEVALUE(C6) -> 9 | E6: 30 | F6: =TEXT(DATEVALUE(C6)+E6,"YYYY-MM-DD") -> 2026-09-04 | G6: =IF(D6<=E6,"yes","no") -> yes | H6: supplier | I6: yes | J6: yes | K6: =IF(AND(I6="yes",J6="no"),"yes","no") -> no | L6: =IF(K6="yes","not reached",IF(AND(H6="supplier",G6="yes"),"yes","no")) -> yes | M6: the finish sits inside the general block and note 4 governs the sealing face with no concession, so use as is is not available (QS-9 3)
A7: L-2210 | B7: Ashgrove Precision | C7: 2026-07-30 | D7: =DATEVALUE("2026-08-14")-DATEVALUE(C7) -> 15 | E7: 30 | F7: =TEXT(DATEVALUE(C7)+E7,"YYYY-MM-DD") -> 2026-08-29 | G7: =IF(D7<=E7,"yes","no") -> yes | H7: supplier | I7: yes | J7: no | K7: =IF(AND(I7="yes",J7="no"),"yes","no") -> yes | L7: =IF(K7="yes","not reached",IF(AND(H7="supplier",G7="yes"),"yes","no")) -> not reached | M7: note 5 governs the mounting face at 0.05 mm maximum and the 0.03 mm result passes it, so the lot is usable as is (QS-9 3)
A8: L-2213 | B8: Kelbourne Castings | C8: 2026-08-07 | D8: =DATEVALUE("2026-08-14")-DATEVALUE(C8) -> 7 | E8: 30 | F8: =TEXT(DATEVALUE(C8)+E8,"YYYY-MM-DD") -> 2026-09-06 | G8: =IF(D8<=E8,"yes","no") -> yes | H8: Wexford, dock handling | I8: no | J8: no | K8: =IF(AND(I8="yes",J8="no"),"yes","no") -> no | L8: =IF(K8="yes","not reached",IF(AND(H8="supplier",G8="yes"),"yes","no")) -> no | M8: forklift damage on our own dock is not attributable to the supplier, so the return route never opens (QS-9 5); 12 conforming pieces release under 7a
A9: L-2216 | B9: Redmayne Machining | C9: 2026-06-23 | D9: =DATEVALUE("2026-08-14")-DATEVALUE(C9) -> 52 | E9: 30 | F9: =TEXT(DATEVALUE(C9)+E9,"YYYY-MM-DD") -> 2026-07-23 | G9: =IF(D9<=E9,"yes","no") -> no | H9: supplier | I9: no | J9: no | K9: =IF(AND(I9="yes",J9="no"),"yes","no") -> no | L9: =IF(K9="yes","not reached",IF(AND(H9="supplier",G9="yes"),"yes","no")) -> no | M9: supplier-caused but 52 days from receipt, outside the window (QS-9 4); 13 conforming pieces release under 7a, the 9 replaced

Sheet Cost_Compare
A1: Rework against replacement net of scrap, for the lots that reach QS-9 6
A3: Lot | B3: Reaches clause 6? | C3: Rework quote ($, terms) | D3: Replacement ($, terms) | E3: Scrap credit ($, terms) | F3: Replacement net of scrap ($) | G3: Cheaper route | H3: Cost under clause 6 ($)
A4: L-2201 | B4: =IF(AND(Lot_Gates!K4="no",Lot_Gates!L4="no"),"yes","no") -> no | C4: 380 | D4: 1240 | E4: 0 | F4: =ROUND(D4-E4,2) -> 1240 | G4: =IF(B4="no","-",IF(C4<=F4,"rework","scrap and replace")) -> - | H4: =IF(B4="no",0,ROUND(MIN(C4,F4),2)) -> 0
A5: L-2204 | B5: =IF(AND(Lot_Gates!K5="no",Lot_Gates!L5="no"),"yes","no") -> yes | C5: 520 | D5: 890 | E5: 60 | F5: =ROUND(D5-E5,2) -> 830 | G5: =IF(B5="no","-",IF(C5<=F5,"rework","scrap and replace")) -> rework | H5: =IF(B5="no",0,ROUND(MIN(C5,F5),2)) -> 520
A6: L-2207 | B6: =IF(AND(Lot_Gates!K6="no",Lot_Gates!L6="no"),"yes","no") -> no | C6: 1450 | D6: 1100 | E6: 0 | F6: =ROUND(D6-E6,2) -> 1100 | G6: =IF(B6="no","-",IF(C6<=F6,"rework","scrap and replace")) -> - | H6: =IF(B6="no",0,ROUND(MIN(C6,F6),2)) -> 0
A7: L-2210 | B7: =IF(AND(Lot_Gates!K7="no",Lot_Gates!L7="no"),"yes","no") -> no | C7: 0 | D7: 0 | E7: 0 | F7: =ROUND(D7-E7,2) -> 0 | G7: =IF(B7="no","-",IF(C7<=F7,"rework","scrap and replace")) -> - | H7: =IF(B7="no",0,ROUND(MIN(C7,F7),2)) -> 0
A8: L-2213 | B8: =IF(AND(Lot_Gates!K8="no",Lot_Gates!L8="no"),"yes","no") -> yes | C8: 240 | D8: 760 | E8: 40 | F8: =ROUND(D8-E8,2) -> 720 | G8: =IF(B8="no","-",IF(C8<=F8,"rework","scrap and replace")) -> rework | H8: =IF(B8="no",0,ROUND(MIN(C8,F8),2)) -> 240
A9: L-2216 | B9: =IF(AND(Lot_Gates!K9="no",Lot_Gates!L9="no"),"yes","no") -> yes | C9: 1900 | D9: 1150 | E9: 90 | F9: =ROUND(D9-E9,2) -> 1060 | G9: =IF(B9="no","-",IF(C9<=F9,"rework","scrap and replace")) -> scrap and replace | H9: =IF(B9="no",0,ROUND(MIN(C9,F9),2)) -> 1060

Sheet Dispositions
A1: One disposition per lot, the clause that produced it, and who carries the cost | B1: =TEXT(DATEVALUE("2026-09-01")+3,"YYYY-MM-DD") -> 2026-09-04 | C1: first week of September (the note gives no date; read here as through Friday 2026-09-04)
A3: Lot | B3: Disposition | C3: Clause | D3: Cost ($) | E3: Borne by | F3: Replacement value returned ($) | G3: Lead time (days, terms) | H3: Replacement arrives | I3: Inside the first week of September? | J3: Pieces in lot | K3: Pieces affected | L3: Conforming released (7a) | M3: Note
A4: L-2201 | B4: =IF(Lot_Gates!K4="yes","use as is",IF(Lot_Gates!L4="yes","return to vendor",Cost_Compare!G4)) -> return to vendor | C4: =IF(Lot_Gates!K4="yes","QS-9 3",IF(Lot_Gates!L4="yes","QS-9 4","QS-9 6")) -> QS-9 4 | D4: =IF(OR(Lot_Gates!K4="yes",Lot_Gates!L4="yes"),0,Cost_Compare!H4) -> 0 | E4: =IF(Lot_Gates!K4="yes","none",IF(Lot_Gates!L4="yes","supplier","Wexford")) -> supplier | F4: =IF(Lot_Gates!L4="yes",Cost_Compare!D4,0) -> 1240 | G4: 18 | H4: =IF(OR(B4="use as is",B4="rework"),"stays in house",TEXT(DATEVALUE("2026-08-14")+G4,"YYYY-MM-DD")) -> 2026-09-01 | I4: =IF(H4="stays in house","n/a",IF(DATEVALUE(H4)<=DATEVALUE($B$1),"yes","no")) -> yes | J4: 40 | K4: 14 | L4: =IF(K4<J4,J4-K4,0) -> 26 | M4: goes back to Kelbourne 12 days into the window, 18 days left
A5: L-2204 | B5: =IF(Lot_Gates!K5="yes","use as is",IF(Lot_Gates!L5="yes","return to vendor",Cost_Compare!G5)) -> rework | C5: =IF(Lot_Gates!K5="yes","QS-9 3",IF(Lot_Gates!L5="yes","QS-9 4","QS-9 6")) -> QS-9 6 | D5: =IF(OR(Lot_Gates!K5="yes",Lot_Gates!L5="yes"),0,Cost_Compare!H5) -> 520 | E5: =IF(Lot_Gates!K5="yes","none",IF(Lot_Gates!L5="yes","supplier","Wexford")) -> Wexford | F5: =IF(Lot_Gates!L5="yes",Cost_Compare!D5,0) -> 0 | G5: 18 | H5: =IF(OR(B5="use as is",B5="rework"),"stays in house",TEXT(DATEVALUE("2026-08-14")+G5,"YYYY-MM-DD")) -> stays in house | I5: =IF(H5="stays in house","n/a",IF(DATEVALUE(H5)<=DATEVALUE($B$1),"yes","no")) -> n/a | J5: 25 | K5: 9 | L5: =IF(K5<J5,J5-K5,0) -> 16 | M5: the window ran out on 2026-07-30; the cost is ours because we sat on it
A6: L-2207 | B6: =IF(Lot_Gates!K6="yes","use as is",IF(Lot_Gates!L6="yes","return to vendor",Cost_Compare!G6)) -> return to vendor | C6: =IF(Lot_Gates!K6="yes","QS-9 3",IF(Lot_Gates!L6="yes","QS-9 4","QS-9 6")) -> QS-9 4 | D6: =IF(OR(Lot_Gates!K6="yes",Lot_Gates!L6="yes"),0,Cost_Compare!H6) -> 0 | E6: =IF(Lot_Gates!K6="yes","none",IF(Lot_Gates!L6="yes","supplier","Wexford")) -> supplier | F6: =IF(Lot_Gates!L6="yes",Cost_Compare!D6,0) -> 1100 | G6: 21 | H6: =IF(OR(B6="use as is",B6="rework"),"stays in house",TEXT(DATEVALUE("2026-08-14")+G6,"YYYY-MM-DD")) -> 2026-09-04 | I6: =IF(H6="stays in house","n/a",IF(DATEVALUE(H6)<=DATEVALUE($B$1),"yes","no")) -> yes | J6: 60 | K6: 60 | L6: =IF(K6<J6,J6-K6,0) -> 0 | M6: note 4 bars a concession, and the lot is inside its window, so Ashgrove take it back
A7: L-2210 | B7: =IF(Lot_Gates!K7="yes","use as is",IF(Lot_Gates!L7="yes","return to vendor",Cost_Compare!G7)) -> use as is | C7: =IF(Lot_Gates!K7="yes","QS-9 3",IF(Lot_Gates!L7="yes","QS-9 4","QS-9 6")) -> QS-9 3 | D7: =IF(OR(Lot_Gates!K7="yes",Lot_Gates!L7="yes"),0,Cost_Compare!H7) -> 0 | E7: =IF(Lot_Gates!K7="yes","none",IF(Lot_Gates!L7="yes","supplier","Wexford")) -> none | F7: =IF(Lot_Gates!L7="yes",Cost_Compare!D7,0) -> 0 | G7: 0 | H7: =IF(OR(B7="use as is",B7="rework"),"stays in house",TEXT(DATEVALUE("2026-08-14")+G7,"YYYY-MM-DD")) -> stays in house | I7: =IF(H7="stays in house","n/a",IF(DATEVALUE(H7)<=DATEVALUE($B$1),"yes","no")) -> n/a | J7: 30 | K7: 0 | L7: =IF(K7<J7,J7-K7,0) -> 30 | M7: 0.03 against drawing note 5's 0.05 mounting-face maximum; 0 pieces affected on measurement, all 30 release
A8: L-2213 | B8: =IF(Lot_Gates!K8="yes","use as is",IF(Lot_Gates!L8="yes","return to vendor",Cost_Compare!G8)) -> rework | C8: =IF(Lot_Gates!K8="yes","QS-9 3",IF(Lot_Gates!L8="yes","QS-9 4","QS-9 6")) -> QS-9 6 | D8: =IF(OR(Lot_Gates!K8="yes",Lot_Gates!L8="yes"),0,Cost_Compare!H8) -> 240 | E8: =IF(Lot_Gates!K8="yes","none",IF(Lot_Gates!L8="yes","supplier","Wexford")) -> Wexford | F8: =IF(Lot_Gates!L8="yes",Cost_Compare!D8,0) -> 0 | G8: 14 | H8: =IF(OR(B8="use as is",B8="rework"),"stays in house",TEXT(DATEVALUE("2026-08-14")+G8,"YYYY-MM-DD")) -> stays in house | I8: =IF(H8="stays in house","n/a",IF(DATEVALUE(H8)<=DATEVALUE($B$1),"yes","no")) -> n/a | J8: 18 | K8: 6 | L8: =IF(K8<J8,J8-K8,0) -> 12 | M8: our forklift, our cost; rework at 240 against replacement net of scrap at 720
A9: L-2216 | B9: =IF(Lot_Gates!K9="yes","use as is",IF(Lot_Gates!L9="yes","return to vendor",Cost_Compare!G9)) -> scrap and replace | C9: =IF(Lot_Gates!K9="yes","QS-9 3",IF(Lot_Gates!L9="yes","QS-9 4","QS-9 6")) -> QS-9 6 | D9: =IF(OR(Lot_Gates!K9="yes",Lot_Gates!L9="yes"),0,Cost_Compare!H9) -> 1060 | E9: =IF(Lot_Gates!K9="yes","none",IF(Lot_Gates!L9="yes","supplier","Wexford")) -> Wexford | F9: =IF(Lot_Gates!L9="yes",Cost_Compare!D9,0) -> 0 | G9: 25 | H9: =IF(OR(B9="use as is",B9="rework"),"stays in house",TEXT(DATEVALUE("2026-08-14")+G9,"YYYY-MM-DD")) -> 2026-09-08 | I9: =IF(H9="stays in house","n/a",IF(DATEVALUE(H9)<=DATEVALUE($B$1),"yes","no")) -> no | J9: 22 | K9: 9 | L9: =IF(K9<J9,J9-K9,0) -> 13 | M9: rework quoted at 1,900 against replacement net of scrap at 1,060, so the lot is scrapped
A11: Wexford cost total ($) | D11: =ROUND(SUM(D4:D9),2) -> 1820
A12: Value returned to suppliers ($) | D12: =ROUND(SUM(F4:F9),2) -> 2340
A13: Lots used as is | D13: =COUNTIF(B4:B9,"use as is") -> 1
A14: Lots returned to vendor | D14: =COUNTIF(B4:B9,"return to vendor") -> 2
A15: Lots reworked | D15: =COUNTIF(B4:B9,"rework") -> 2
A16: Lots scrapped and replaced | D16: =COUNTIF(B4:B9,"scrap and replace") -> 1
A17: Lots whose claim window had expired | D17: =COUNTIF(Lot_Gates!G4:G9,"no") -> 2
A18: Lots whose replacement lands outside the build window | D18: =COUNTIF(I4:I9,"no") -> 1
A19: Conforming pieces released to the build | D19: =SUM(L4:L9) -> 97

Sheet Program_Report
A1: Quarantine cage dispositions, six lots
A2: Wexford Engineering Services, dispositioned 2026-08-14 under QS-9 issue 7.
A4: Figure | B4: Value
A5: Wexford cost total ($) | B5: =Dispositions!D11 -> 1820
A6: Value returned to suppliers ($) | B6: =Dispositions!D12 -> 2340
A7: Lots used as is | B7: =Dispositions!D13 -> 1
A8: Lots returned to vendor | B8: =Dispositions!D14 -> 2
A9: Lots reworked | B9: =Dispositions!D15 -> 2
A10: Lots scrapped and replaced | B10: =Dispositions!D16 -> 1
A13: Wexford carries 1,820 dollars across three lots. The suppliers carry 2,340 dollars of
A14: replacement value across two, which is the number the commercial team will want kept apart from
A15: ours.
A17: Two lots cost us money that a claim would have covered. L-2204 and L-2216 are both supplier
A18: defects, and both sat in the cage past the thirty-day claim window on the purchase terms, at 45
A19: and 52 days. The window on the adaptor lot had been shut for 22 days before disposition. That
A20: is 1,580 dollars of the total, and it is a cage-management problem rather than a supplier one.
A22: The manifold lot is the one worth reading carefully. Its finish measures 2.1 micrometres against
A23: a general tolerance block that would allow 4.8, which is why it has twice been called fine. Note
A24: 4 on revision E governs the sealing face at 1.6 maximum and states that no concession is
A25: available, and a specific note overrides the block for the characteristic it names. The lot is
A26: inside its window, so it goes back to Ashgrove and costs us nothing.
... A37: The rework and replacement quotes are read as quoted for the affected pieces, as 7a directs; none plainly covers a whole lot, so no supplier query was triggered. Two points the files leave open. The program note names the Harlow build and its window but gives no quantities, so whether the 97 conforming pieces released under 7a cover what the build needs cannot be answered from these inputs. And the note says first week of September without a date; the schedule column reads that as through Friday 2026-09-04, a reading of the phrase rather than a date any input gives. Only L-2216 lands outside the week on any reading of it.
